{"cameraMode":{"drawMode":0,"name":"Shaded","section":"Shading Mode"},"sceneLighting":true,"audioPlay":false,"sceneViewState":{"showFog":false,"showMaterialUpdate":false,"showSkybox":false,"showFlares":false,"showImageEffects":false,"showParticleSystems":false},"in2DMode":false,"pivot":{"x":15.425549507141114,"y":-1.70703125,"z":7.125968933105469},"rotation":{"x":0.030574297532439233,"y":-0.8922704458236694,"z":0.06112468242645264,"w":0.44630083441734316},"size":20.40428924560547,"orthographic":true}